Workbook

Sheet All
A1: TCET
A2: Students Placement Register of 2025 Batch
A3: TCET/REG/IP-06/02 | J3: Revision: B
A4: REF: TCET/ T&P/ REP of 2026 | J4: 46127
A6: Sr.No. | B6: Branch Div | C6: T&P UID | D6: Student Name | E6: Date of Employer Visit | F6: Employer Category Super Dream / Dream/Normal | G6: Type of Placement | H6: Employer Name | I6: Stipend offered during PLI | J6: Salary offered for Placement ( INR-LPA.) | K6: No.of Offers | L6: Dual Offer | O6: Emil ID | P6: Mobile | Q6: Date of Joining | R6: Remark | S6: Phase
A7: 1 | B7: COMP-A | C7: 21-COMPA47-25 | D7: GUPTA JAGRITI ASHOK SEEMA | E7: 45345 | F7: Category-1 | G7: PLI | H7: VIC IT Consultancy | I7: 25000 | J7: 12 | K7: 2 | M7: =VLOOKUP(C7,'[1]As per ISO'!$B$7:$EQ$1026,146,0) -> #N/A | N7: =VLOOKUP(C7,'[2]As per ISO'!$B$7:$BV$1031,73,0) -> #N/A | O7: jagriti0815@gmail.com | P7: 8169947049 | S7: Phase-1 | T7: =IF(LEFT(H7,3)="off","OFF",IF(H7="","","ON")) -> ON | W7: =VLOOKUP(C7,#REF!,5,0) -> #REF!
A8: 2 | B8: CS&E | C8: 21-CS&E53-25 | D8: SINGH VAIBHAV RAKESH PRIYANKA | E8: 45345 | F8: Category-1 | G8: PLI | H8: VIC IT Consultancy | I8: 25000 | J8: 12 | M8: =VLOOKUP(C8,'[1]As per ISO'!$B$7:$EQ$1026,146,0) -> CAT-1 | N8: =VLOOKUP(C8,'[2]As per ISO'!$B$7:$BV$1031,73,0) -> ViCIT | O8: vaibhavsingh2633@gmail.com | P8: 9137957152 | S8: Phase-1 | T8: =IF(LEFT(H8,3)="off","OFF",IF(H8="","","ON")) -> ON | W8: =VLOOKUP(C8,#REF!,5,0) -> #REF!
A9: 3 | B9: IoT | C9: 21-IoT02-25 | D9: DHAWAN AYUSH VISHAL ANAMIKA | E9: 45422 | F9: Category-1 | G9: PLI | H9: J.P.Morgan & Chase | I9: 75000 | J9: 20 | K9: 2 | M9: =VLOOKUP(C9,'[1]As per ISO'!$B$7:$EQ$1026,146,0) -> CAT-1 | N9: =VLOOKUP(C9,'[2]As per ISO'!$B$7:$BV$1031,73,0) -> J.P Morgan &Chase | O9: dhawanayush416@gmail.com | P9: 8369342556 | S9: Phase-1 | T9: =IF(LEFT(H9,3)="off","OFF",IF(H9="","","ON")) -> ON | W9: =VLOOKUP(C9,#REF!,5,0) -> #REF!
A10: 4 | B10: COMP-C | C10: 21-COMPC20-25 | D10: SINGH DHIRENDRA SHERBAHADUR MEENA | E10: 45422 | F10: Category-1 | G10: PLI | H10: J.P.Morgan & Chase | I10: 75000 | J10: 20 | M10: =VLOOKUP(C10,'[1]As per ISO'!$B$7:$EQ$1026,146,0) -> CAT-1 | N10: =VLOOKUP(C10,'[2]As per ISO'!$B$7:$BV$1031,73,0) -> J.P Morgan &Chase | O10: dhirendrasingh.professional@gmail.com | P10: 8698867967 | S10: Phase-1 | T10: =IF(LEFT(H10,3)="off","OFF",IF(H10="","","ON")) -> ON | W10: =VLOOKUP(C10,#REF!,5,0) -> #REF!
A11: 5 | B11: AI&DS | C11: 21-AI&DS25-25 | D11: PANDEY ANANTA SHRIKANT KARUNA | E11: 45504 | F11: Category-3 | G11: PLI | H11: Blackcurrant Apps | I11: 5000 | J11: 4 | K11: 6 | M11: =VLOOKUP(C11,'[1]As per ISO'!$B$7:$EQ$1026,146,0) -> CAT-1 | N11: =VLOOKUP(C11,'[2]As per ISO'!$B$7:$BV$1031,73,0) -> Blackcurrrant Apps | O11: anantask.e04@gmail.com | P11: 7977611489 | S11: Phase-1 | T11: =IF(LEFT(H11,3)="off","OFF",IF(H11="","","ON")) -> ON | W11: =VLOOKUP(C11,#REF!,5,0) -> #REF!
A12: 6 | B12: AI&ML | C12: 22-AI&ML66-25 | D12: SHAIKH DANISH MASOOD KHALID SABERA | E12: 45504 | F12: Category-3 | G12: PLI | H12: Blackcurrant Apps | I12: 5000 | J12: 4 | M12: =VLOOKUP(C12,'[1]As per ISO'!$B$7:$EQ$1026,146,0) -> CAT-1 | N12: =VLOOKUP(C12,'[2]As per ISO'!$B$7:$BV$1031,73,0) -> Blackcurrrant Apps | O12: danishmasoodshk3@gmail.com | P12: 7045543311 | S12: Phase-1 | T12: =IF(LEFT(H12,3)="off","OFF",IF(H12="","","ON")) -> ON | W12: =VLOOKUP(C12,#REF!,5,0) -> #REF!
A13: 7 | B13: CS&E | C13: 21-CS&E10-25 | D13: DUBEY PRAHARSH SHAILESH ARCHANA | E13: 45504 | F13: Category-2 | G13: PLI | H13: Blackcurrrant Apps | I13: 5000 | J13: 5 | M13: =VLOOKUP(C13,'[1]As per ISO'!$B$7:$EQ$1026,146,0) -> CAT-1 | N13: =VLOOKUP(C13,'[2]As per ISO'!$B$7:$BV$1031,73,0) -> Blackcurrrant Apps | O13: praharshdubey2003@gmail.com | P13: 9930683671 | S13: Phase-1 | T13: =IF(LEFT(H13,3)="off","OFF",IF(H13="","","ON")) -> ON | W13: =VLOOKUP(C13,#REF!,5,0) -> #REF!
A14: 8 | B14: IT-A | C14: 21-ITA31-25 | D14: GUPTA ARVIND LALMAN VIDHYAWATI | E14: 45504 | F14: Category-2 | G14: PLI | H14: Blackcurrrant Apps | I14: 5000 | J14: 5.5 | M14: =VLOOKUP(C14,'[1]As per ISO'!$B$7:$EQ$1026,146,0) -> CAT-1 | N14: =VLOOKUP(C14,'[2]As per ISO'!$B$7:$BV$1031,73,0) -> Blackcurrrant Apps | O14: guptaarvind2602@gmail.com | P14: 9833911446 | S14: Phase-1 | T14: =IF(LEFT(H14,3)="off","OFF",IF(H14="","","ON")) -> ON | W14: =VLOOKUP(C14,#REF!,5,0) -> #REF!
A15: 9 | B15: IT-B | C15: 21-ITB52-25 | D15: THOMBRE AAROHI VIJAY SHILPA | E15: 45504 | F15: Category-2 | G15: PLI | H15: Blackcurrrant Apps | I15: 5000 | J15: 5 | M15: =VLOOKUP(C15,'[1]As per ISO'!$B$7:$EQ$1026,146,0) -> CAT-1 | N15: =VLOOKUP(C15,'[2]As per ISO'!$B$7:$BV$1031,73,0) -> Blackcurrrant Apps | O15: thombreaarohi.work555@gmail.com | P15: 9136137965 | S15: Phase-1 | T15: =IF(LEFT(H15,3)="off","OFF",IF(H15="","","ON")) -> ON | W15: =VLOOKUP(C15,#REF!,5,0) -> #REF!
A16: 10 | B16: IT-B | C16: 21-ITB59-25 | D16: VISHWAKARMA JAY RAJESH ANITA | E16: 45504 | F16: Category-2 | G16: PLI | H16: Blackcurrrant Apps | I16: 5000 | J16: 5 | M16: =VLOOKUP(C16,'[1]As per ISO'!$B$7:$EQ$1026,146,0) -> CAT-1 | N16: =VLOOKUP(C16,'[2]As per ISO'!$B$7:$BV$1031,73,0) -> Blackcurrrant Apps | O16: vishwakarmajay292@gmail.com | P16: 9372454445 | S16: Phase-1 | T16: =IF(LEFT(H16,3)="off","OFF",IF(H16="","","ON")) -> ON | W16: =VLOOKUP(C16,#REF!,5,0) -> #REF!
A17: 11 | B17: IT-A | C17: 22-ITA67-25 | D17: CHAURASIYA SHIVANGI CHATURBHUJ | E17: 45511 | F17: Category-2 | G17: PLI | H17: Saint Gobain | I17: 20000 | J17: 6.5 | K17: 3 | M17: =VLOOKUP(C17,'[1]As per ISO'!$B$7:$EQ$1026,146,0) -> CAT-1 | N17: =VLOOKUP(C17,'[2]As per ISO'!$B$7:$BV$1031,73,0) -> Saint Gobain | O17: chaurasiyashivangi7@gmail.com | P17: 9326259449 | S17: Phase-1 | T17: =IF(LEFT(H17,3)="off","OFF",IF(H17="","","ON")) -> ON | W17: =VLOOKUP(C17,#REF!,5,0) -> #REF!
A18: 12 | B18: IT-B | C18: 21-ITB60-25 | D18: VYAS AISHWARYA DINESH RUPA | E18: 45511 | F18: Category-2 | G18: PLI | H18: Saint Gobain | I18: 20000 | J18: 6.5 | M18: =VLOOKUP(C18,'[1]As per ISO'!$B$7:$EQ$1026,146,0) -> CAT-1 | N18: =VLOOKUP(C18,'[2]As per ISO'!$B$7:$BV$1031,73,0) -> Saint Gobain | O18: aishwaryavyas0703@gmail.com | P18: 9619501546 | S18: Phase-1 | T18: =IF(LEFT(H18,3)="off","OFF",IF(H18="","","ON")) -> ON | W18: =VLOOKUP(C18,#REF!,5,0) -> #REF!
A19: 13 | B19: IT-B | C19: 22-ITB68-25 | D19: RAI AASTHA SARVESH SULAKSHANA | E19: 45511 | F19: Category-2 | G19: PLI | H19: Saint Gobain | I19: 20000 | J19: 6.5 | M19: =VLOOKUP(C19,'[1]As per ISO'!$B$7:$EQ$1026,146,0) -> CAT-1 | N19: =VLOOKUP(C19,'[2]As per ISO'!$B$7:$BV$1031,73,0) -> Saint Gobain | O19: aasthasrai@gmail.com | P19: 9967063058 | S19: Phase-1 | T19: =IF(LEFT(H19,3)="off","OFF",IF(H19="","","ON")) -> ON | W19: =VLOOKUP(C19,#REF!,5,0) -> #REF!
A20: 14 | B20: AI&ML | C20: 21-AI&ML58-25 | D20: YADAV KRISHNAKUMAR RADHIKAPRASAD RAMAVATI | E20: 45513 | F20: Category-2 | G20: Regular | H20: Oracle Financial Services Software Limited | J20: 9.34 | K20: 13 | M20: =VLOOKUP(C20,'[1]As per ISO'!$B$7:$EQ$1026,146,0) -> CAT-1 | N20: =VLOOKUP(C20,'[2]As per ISO'!$B$7:$BV$1031,73,0) -> Oracle | O20: krishna251203@gmail.com | P20: 7738240155 | S20: Phase-1 | T20: =IF(LEFT(H20,3)="off","OFF",IF(H20="","","ON")) -> ON
A21: 15 | B21: COMP-B | C21: 21-COMPB18-25 | D21: MISHRA SHASHANK JITENDRA JAYSHREE | E21: 45513 | F21: Category-2 | G21: Regular | H21: Oracle Financial Services Software Limited | J21: 9.34 | M21: =VLOOKUP(C21,'[1]As per ISO'!$B$7:$EQ$1026,146,0) -> CAT-1 | N21: =VLOOKUP(C21,'[2]As per ISO'!$B$7:$BV$1031,73,0) -> Oracle | O21: shashankbud80@gmail.com | P21: 7887541843 | S21: Phase-1 | T21: =IF(LEFT(H21,3)="off","OFF",IF(H21="","","ON")) -> ON
A22: 16 | B22: COMP-B | C22: 21-COMPB44-25 | D22: PRAJAPATI SHLOK DEVENDRA SARITA | E22: 45513 | F22: Category-2 | G22: Regular | H22: Oracle Financial Services Software Limited | J22: 9.34 | M22: =VLOOKUP(C22,'[1]As per ISO'!$B$7:$EQ$1026,146,0) -> CAT-1 | N22: =VLOOKUP(C22,'[2]As per ISO'!$B$7:$BV$1031,73,0) -> Oracle | O22: shlokprajapati2003@gmail.com | P22: 7977960433 | S22: Phase-1 | T22: =IF(LEFT(H22,3)="off","OFF",IF(H22="","","ON")) -> ON
A23: 17 | B23: COMP-C | C23: 21-COMPC19-25 | D23: SINGH AYUSH MAHESHKUMAR RINKY | E23: 45513 | F23: Category-2 | G23: Regular | H23: Oracle Financial Services Software Limited | J23: 9.34 | M23: =VLOOKUP(C23,'[1]As per ISO'!$B$7:$EQ$1026,146,0) -> CAT-1 | N23: =VLOOKUP(C23,'[2]As per ISO'!$B$7:$BV$1031,73,0) -> Oracle | O23: ayushsingh00030@gmail.com | P23: 9321802886 | S23: Phase-1 | T23: =IF(LEFT(H23,3)="off","OFF",IF(H23="","","ON")) -> ON
A24: 18 | B24: COMP-C | C24: 21-COMPC23-25 | D24: SINGH PARTH PARSHURAM SUMAN | E24: 45513 | F24: Category-2 | G24: Regular | H24: Oracle Financial Services Software Limited | J24: 9.34 | M24: =VLOOKUP(C24,'[1]As per ISO'!$B$7:$EQ$1026,146,0) -> CAT-1 | N24: =VLOOKUP(C24,'[2]As per ISO'!$B$7:$BV$1031,73,0) -> Oracle | O24: parth3743@gmail.com | P24: 8263939916 | S24: Phase-1 | T24: =IF(LEFT(H24,3)="off","OFF",IF(H24="","","ON")) -> ON
A25: 19 | B25: COMP-C | C25: 21-COMPC44-25 | D25: VARMA BHARGAV ASHOKKUMAR SONI | E25: 45513 | F25: Category-2 | G25: Regular | H25: Oracle Financial Services Software Limited | J25: 9.34 | M25: =VLOOKUP(C25,'[1]As per ISO'!$B$7:$EQ$1026,146,0) -> CAT-1 | N25: =VLOOKUP(C25,'[2]As per ISO'!$B$7:$BV$1031,73,0) -> Oracle | O25: bhargavva46@gmail.com | P25: 9324085589 | S25: Phase-1 | T25: =IF(LEFT(H25,3)="off","OFF",IF(H25="","","ON")) -> ON
A26: 20 | B26: COMP-C | C26: 21-COMPC45-25 | D26: VAVDANE PRASAD SURYABHAN NUTAN | E26: 45513 | F26: Category-2 | G26: Regular | H26: Oracle Financial Services Software Limited | J26: 9.34 | M26: =VLOOKUP(C26,'[1]As per ISO'!$B$7:$EQ$1026,146,0) -> CAT-1 | N26: =VLOOKUP(C26,'[2]As per ISO'!$B$7:$BV$1031,73,0) -> Oracle | O26: prasadvavdane45@gmail.com | P26: 8976338037 | S26: Phase-1 | T26: =IF(LEFT(H26,3)="off","OFF",IF(H26="","","ON")) -> ON
A27: 21 | B27: COMP-C | C27: 21-COMPC50-25 | D27: VISHWAKARMA SANSKAR RAKESH MAMTA | E27: 45513 | F27: Category-2 | G27: Regular | H27: Oracle Financial Services Software Limited | J27: 9.34 | M27: =VLOOKUP(C27,'[1]As per ISO'!$B$7:$EQ$1026,146,0) -> CAT-1 | N27: =VLOOKUP(C27,'[2]As per ISO'!$B$7:$BV$1031,73,0) -> Oracle | O27: sanskarv2004@gmail.com | P27: 9321597049 | S27: Phase-1 | T27: =IF(LEFT(H27,3)="off","OFF",IF(H27="","","ON")) -> ON
A28: 22 | B28: COMP-C | C28: 21-COMPC57-25 | D28: YADAV SAHIL JAGATPAL SUSHMA | E28: 45513 | F28: Category-2 | G28: Regular | H28: Oracle Financial Services Software Limited | J28: 9.34 | M28: =VLOOKUP(C28,'[1]As per ISO'!$B$7:$EQ$1026,146,0) -> CAT-1 | N28: =VLOOKUP(C28,'[2]As per ISO'!$B$7:$BV$1031,73,0) -> Oracle | O28: sahil.jp.yadav@gmail.com | P28: 9324029051 | S28: Phase-1 | T28: =IF(LEFT(H28,3)="off","OFF",IF(H28="","","ON")) -> ON
A29: 23 | B29: CS&E | C29: 21-CS&E18-25 | D29: SINGH VIVEK DILIP MERI | E29: 45513 | F29: Category-2 | G29: Regular | H29: Oracle Financial Services Software Limited | J29: 9.34 | M29: =VLOOKUP(C29,'[1]As per ISO'!$B$7:$EQ$1026,146,0) -> CAT-1 | N29: =VLOOKUP(C29,'[2]As per ISO'!$B$7:$BV$1031,73,0) -> Oracle | O29: viveksngh2611@gmail.com | P29: 9324498412 | S29: Phase-1 | T29: =IF(LEFT(H29,3)="off","OFF",IF(H29="","","ON")) -> ON
A30: 24 | B30: IT-A | C30: 22-ITA66-25 | D30: AMIN TANISHA VASANTHA NAGAVENI | E30: 45513 | F30: Category-2 | G30: Regular | H30: Oracle Financial Services Software Limited | J30: 9.34 | M30: =VLOOKUP(C30,'[1]As per ISO'!$B$7:$EQ$1026,146,0) -> CAT-1 | N30: =VLOOKUP(C30,'[2]As per ISO'!$B$7:$BV$1031,73,0) -> Oracle | O30: amintanisha29@gmail.com | P30: 7264070717 | S30: Phase-1 | T30: =IF(LEFT(H30,3)="off","OFF",IF(H30="","","ON")) -> ON
A31: 25 | B31: IT-B | C31: 21-ITB04-25 | D31: PANDEY ANAND AWADHESH SUSHEELA | E31: 45513 | F31: Category-2 | G31: Regular | H31: Oracle Financial Services Software Limited | J31: 9.34 | M31: =VLOOKUP(C31,'[1]As per ISO'!$B$7:$EQ$1026,146,0) -> CAT-1 | N31: =VLOOKUP(C31,'[2]As per ISO'!$B$7:$BV$1031,73,0) -> Oracle | O31: anandpandey0205@gmail.com | P31: 9082668373 | S31: Phase-1 | T31: =IF(LEFT(H31,3)="off","OFF",IF(H31="","","ON")) -> ON
A32: 26 | B32: IT-B | C32: 21-ITB62-25 | D32: YADAV NANDINI MAHENDRA NIRMALA | E32: 45513 | F32: Category-2 | G32: Regular | H32: Oracle Financial Services Software Limited | J32: 9.34 | M32: =VLOOKUP(C32,'[1]As per ISO'!$B$7:$EQ$1026,146,0) -> CAT-1 | N32: =VLOOKUP(C32,'[2]As per ISO'!$B$7:$BV$1031,73,0) -> Oracle | O32: nandiniy044@gmail.com | P32: 9172859753 | S32: Phase-1 | T32: =IF(LEFT(H32,3)="off","OFF",IF(H32="","","ON")) -> ON
A33: 27 | B33: AI&ML | C33: 21-AI&ML17-25 | D33: KADRI ADIYAN SALEEM DILNAWAZ | E33: 45520 | F33: Category-2 | G33: Regular | H33: Infosys-Specialist Programmer(HWI) | J33: 9.5 | K33: 4 | M33: =VLOOKUP(C33,'[1]As per ISO'!$B$7:$EQ$1026,146,0) -> CAT-3 | N33: =VLOOKUP(C33,'[2]As per ISO'!$B$7:$BV$1031,73,0) -> Infosys-HWI-Specialist Programe | O33: kadriadiyan6@gmail.com | P33: 7977381198 | Q33: 45897 | S33: Phase-1 | T33: =IF(LEFT(H33,3)="off","OFF",IF(H33="","","ON")) -> ON
A34: 28 | B34: COMP-A | C34: 21-COMPA37-25 | D34: GAUR ANURAG MANOJKUMAR POONAM | E34: 45520 | F34: Category-2 | G34: PLI | H34: Infosys-Specialist Programmer | I34: 25000 | J34: 9.5 | M34: =VLOOKUP(C34,'[1]As per ISO'!$B$7:$EQ$1026,146,0) -> CAT-1 | N34: =VLOOKUP(C34,'[2]As per ISO'!$B$7:$BV$1031,73,0) -> Infosys-HWI-Specialist Programe | O34: anuragaur01@gmail.com | P34: 9819399208 | Q34: 45658 | R34: Already joined | S34: Phase-1 | T34: =IF(LEFT(H34,3)="off","OFF",IF(H34="","","ON")) -> ON | W34: =VLOOKUP(C34,#REF!,5,0) -> #REF!
A35: 29 | B35: IT-A | C35: 21-ITA26-25 | D35: GAUR ADITYA RAJESHKUMAR GAUR ROSHNI | E35: 45520 | F35: Category-2 | G35: Regular | H35: Infosys-Specialist Programmer | J35: 9.5 | M35: =VLOOKUP(C35,'[1]As per ISO'!$B$7:$EQ$1026,146,0) -> CAT-1 | O35: gauraditya63@gmail.com | P35: 7718043905 | Q35: 45897 | S35: Phase-1 | T35: =IF(LEFT(H35,3)="off","OFF",IF(H35="","","ON")) -> ON
A36: 30 | B36: IT-B | C36: 21-ITB42-25 | D36: SINGH NEHA AJAY KUMAR SUMAN | E36: 45520 | F36: Category-2 | G36: PLI | H36: Infosys-Specialist Programmer(HWI) | I36: 25000 | J36: 9.5 | M36: =VLOOKUP(C36,'[1]As per ISO'!$B$7:$EQ$1026,146,0) -> CAT-1 | O36: singhneha7182@gmail.com | P36: 8766638225 | Q36: 45658 | R36: Already joined | S36: Phase-1 | T36: =IF(LEFT(H36,3)="off","OFF",IF(H36="","","ON")) -> ON | W36: =VLOOKUP(C36,#REF!,5,0) -> #REF!
A37: 31 | B37: COMP-A | C37: 21-COMPA38-25 | D37: GHARAT DHRUV RAJKUMAR MINAL | E37: 45518 | F37: Category-3 | G37: Regular | H37: Vistaar | J37: 4 | K37: 1 | L37: 1 | M37: =VLOOKUP(C37,'[1]As per ISO'!$B$7:$EQ$1026,146,0) -> CAT-1 | N37: =VLOOKUP(C37,'[2]As per ISO'!$B$7:$BV$1031,73,0) -> Vistaar Systems Pvt.Ltd. | O37: dhruvrg2003@gmail.com | P37: 7709468189 | S37: Phase-1 | T37: =IF(LEFT(H37,3)="off","OFF",IF(H37="","","ON")) -> ON
A38: 32 | B38: COMP-A | C38: 21-COMPA40-25 | D38: GHORA KAMALIKA PRASANTA SUSMITA | E38: 45528 | F38: Category-1 | G38: PLI | H38: Flipkart | I38: 40000 | J38: 10.7 | K38: 5 | M38: =VLOOKUP(C38,'[1]As per ISO'!$B$7:$EQ$1026,146,0) -> CAT-1 | N38: 45670 | O38: kamalikaghora14@gmail.com | P38: 8459803092 | S38: Phase-1 | T38: =IF(LEFT(H38,3)="off","OFF",IF(H38="","","ON")) -> ON | W38: =VLOOKUP(C38,#REF!,5,0) -> #REF!
A39: 33 | B39: COMP-B | C39: 21-COMPB26-25 | D39: MOURYA SUJITKUMAR RADHESHYAM CHANDRAVATI | E39: 45528 | F39: Category-1 | G39: PLI | H39: Flipkart | I39: 40000 | J39: 10.7 | M39: =VLOOKUP(C39,'[1]As per ISO'!$B$7:$EQ$1026,146,0) -> CAT-1 | N39: 45670 | O39: mouryasujit04@gmail.com | P39: 9920224575 | S39: Phase-1 | T39: =IF(LEFT(H39,3)="off","OFF",IF(H39="","","ON")) -> ON | W39: =VLOOKUP(C39,#REF!,5,0) -> #REF!
A40: 34 | B40: CS&E | C40: 21-CS&E61-25 | D40: WALUNJ VAIBHAV DASHRATH SHOBHA | E40: 45528 | F40: Category-1 | G40: PLI | H40: Flipkart | I40: 40000 | J40: 10.7 | M40: =VLOOKUP(C40,'[1]As per ISO'!$B$7:$EQ$1026,146,0) -> CAT-1 | N40: 45670 | O40: vaibhavwalunj03@gmail.com | P40: 9022121405 | S40: Phase-1 | T40: =IF(LEFT(H40,3)="off","OFF",IF(H40="","","ON")) -> ON | W40: =VLOOKUP(C40,#REF!,5,0) -> #REF!
A41: 35 | B41: IT-B | C41: 21-ITB11-25 | D41: PATEL SEJAL DEVENDRA VINITA | E41: 45528 | F41: Category-1 | G41: PLI | H41: Flipkart | I41: 40000 | J41: 10.7 | M41: =VLOOKUP(C41,'[1]As per ISO'!$B$7:$EQ$1026,146,0) -> CAT-1 | N41: 45670 | O41: sp370135@gmail.com | P41: 8799895163 | S41: Phase-1 | T41: =IF(LEFT(H41,3)="off","OFF",IF(H41="","","ON")) -> ON | W41: =VLOOKUP(C41,#REF!,5,0) -> #REF!
A42: 36 | B42: IT-B | C42: 21-ITB24-25 | D42: SAPRE SHREYA SUHAS AARTI | E42: 45528 | F42: Category-1 | G42: PLI | H42: Flipkart | I42: 40000 | J42: 10.7 | M42: =VLOOKUP(C42,'[1]As per ISO'!$B$7:$EQ$1026,146,0) -> CAT-1 | N42: 45670 | O42: shreyasapre4@gmail.com | P42: 7710803090 | S42: Phase-1 | T42: =IF(LEFT(H42,3)="off","OFF",IF(H42="","","ON")) -> ON | W42: =VLOOKUP(C42,#REF!,5,0) -> #REF!
A43: 37 | B43: CIVIL | C43: 22-CIVIL64-25 | D43: SHARMA YOGESH AJAY KUMAR GEETA | E43: 45534 | F43: Category-3 | G43: PLI | H43: XS-CAD | I43: 25000 | J43: 3.6 | K43: 7 | M43: =VLOOKUP(C43,'[1]As per ISO'!$B$7:$EQ$1026,146,0) -> CAT-3 | N43: =VLOOKUP(C43,'[2]As per ISO'!$B$7:$BV$1031,73,0) -> XS-CAD | O43: info.yogessharma21@gmail.com | P43: 8433984283 | S43: Phase-1 | T43: =IF(LEFT(H43,3)="off","OFF",IF(H43="","","ON")) -> ON | W43: =VLOOKUP(C43,#REF!,5,0) -> #REF!
A44: 38 | B44: CIVIL | C44: 22-CIVIL66-25 | D44: THAKUR ABHIRAJ SATYAJEET SUNITA | E44: 45534 | F44: Category-3 | G44: PLI | H44: XS-CAD | I44: 25000 | J44: 3.6 | M44: =VLOOKUP(C44,'[1]As per ISO'!$B$7:$EQ$1026,146,0) -> CAT-3 | N44: =VLOOKUP(C44,'[2]As per ISO'!$B$7:$BV$1031,73,0) -> XS-CAD | O44: abhirajthakur162@gmail.com | P44: 7028506653 | S44: Phase-1 | T44: =IF(LEFT(H44,3)="off","OFF",IF(H44="","","ON")) -> ON | W44: =VLOOKUP(C44,#REF!,5,0) -> #REF!
A45: 39 | B45: M&ME | C45: 21-M&ME05-25 | D45: BHATTAD SAGAR SAMPAT LALITA | E45: 45534 | F45: Category-3 | G45: PLI | H45: XS-CAD | I45: 25000 | J45: 3.6 | M45: =VLOOKUP(C45,'[1]As per ISO'!$B$7:$EQ$1026,146,0) -> CAT-1 | N45: =VLOOKUP(C45,'[2]As per ISO'!$B$7:$BV$1031,73,0) -> XS-CAD | O45: sagar.bhattad066@gmail.com | P45: 9930396709 | S45: Phase-1 | T45: =IF(LEFT(H45,3)="off","OFF",IF(H45="","","ON")) -> ON | W45: =VLOOKUP(C45,#REF!,5,0) -> #REF!
A46: 40 | B46: M&ME | C46: 21-M&ME39-25 | D46: PRABHU VEDANT NARAYAN NILAM | E46: 45534 | F46: Category-3 | G46: PLI | H46: XS-CAD | I46: 25000 | J46: 3.6 | M46: =VLOOKUP(C46,'[1]As per ISO'!$B$7:$EQ$1026,146,0) -> CAT-3 | N46: =VLOOKUP(C46,'[2]As per ISO'!$B$7:$BV$1031,73,0) -> XS-CAD | O46: vedantprabhu678@gmail.com | P46: 8657224396 | S46: Phase-1 | T46: =IF(LEFT(H46,3)="off","OFF",IF(H46="","","ON")) -> ON | W46: =VLOOKUP(C46,#REF!,5,0) -> #REF!
A47: 41 | B47: MECH | C47: 21-MECH07-25 | D47: DALVI MANDAR VISHRAM CHHAYA | E47: 45534 | F47: Category-3 | G47: PLI | H47: XS-CAD | I47: 25000 | J47: 3.6 | M47: =VLOOKUP(C47,'[1]As per ISO'!$B$7:$EQ$1026,146,0) -> CAT-3 | N47: =VLOOKUP(C47,'[2]As per ISO'!$B$7:$BV$1031,73,0) -> XS-CAD | O47: mandar2302@gmail.com | P47: 9923195823 | S47: Phase-1 | T47: =IF(LEFT(H47,3)="off","OFF",IF(H47="","","ON")) -> ON | W47: =VLOOKUP(C47,#REF!,5,0) -> #REF!
A48: 42 | B48: MECH | C48: 21-MECH12-25 | D48: GUPTA AJIT RAMASHISH MEENA | E48: 45534 | F48: Category-3 | G48: PLI | H48: XS-CAD | I48: 25000 | J48: 3.6 | M48: =VLOOKUP(C48,'[1]As per ISO'!$B$7:$EQ$1026,146,0) -> CAT-3 | N48: =VLOOKUP(C48,'[2]As per ISO'!$B$7:$BV$1031,73,0) -> XS-CAD | O48: ajittcet@gmail.com | P48: 8928492891 | S48: Phase-1 | T48: =IF(LEFT(H48,3)="off","OFF",IF(H48="","","ON")) -> ON | W48: =VLOOKUP(C48,#REF!,5,0) -> #REF!
A49: 43 | B49: MECH | C49: 21-MECH34-25 | D49: SHAHU SHYAM ASHOK REETA | E49: 45534 | F49: Category-3 | G49: PLI | H49: XS-CAD | I49: 25000 | J49: 3.6 | M49: =VLOOKUP(C49,'[1]As per ISO'!$B$7:$EQ$1026,146,0) -> CAT-3 | N49: =VLOOKUP(C49,'[2]As per ISO'!$B$7:$BV$1031,73,0) -> XS-CAD | O49: shyamshahu007@gmail.com | P49: 9967739774 | S49: Phase-1 | T49: =IF(LEFT(H49,3)="off","OFF",IF(H49="","","ON")) -> ON | W49: =VLOOKUP(C49,#REF!,5,0) -> #REF!
A50: 44 | B50: M&ME | C50: 21-M&ME20-25 | D50: MADAN VEDANT HARSHAL SANJANA | E50: 45535 | F50: Category-2 | G50: Regular | H50: Nisiki India Pvt.Ltd. | J50: 5.6 | K50: 2 | M50: =VLOOKUP(C50,'[1]As per ISO'!$B$7:$EQ$1026,146,0) -> CAT-1 | N50: =VLOOKUP(C50,'[2]As per ISO'!$B$7:$BV$1031,73,0) -> Nisiki India Pvt.Ltd. | O50: vedantmadan8@gmail.com | P50: 8369668471 | S50: Phase-1 | T50: =IF(LEFT(H50,3)="off","OFF",IF(H50="","","ON")) -> ON
A51: 45 | B51: MECH | C51: 22-MECH57-25 | D51: HATHI TUHIN TARAK CHANDRA | E51: 45535 | F51: Category-2 | G51: Regular | H51: Nisiki India Pvt.Ltd. | J51: 5.6 | M51: =VLOOKUP(C51,'[1]As per ISO'!$B$7:$EQ$1026,146,0) -> CAT-2 | N51: =VLOOKUP(C51,'[2]As per ISO'!$B$7:$BV$1031,73,0) -> Nisiki India Pvt.Ltd. | O51: tuhin.hathi@gmail.com | P51: 9867261930 | S51: Phase-1 | T51: =IF(LEFT(H51,3)="off","OFF",IF(H51="","","ON")) -> ON
A52: 46 | B52: CS&E | C52: 21-CS&E24-25 | D52: MISHRA SHIVAM LAVKUSH VANDANA | E52: 45539 | F52: Category-2 | G52: PLI | H52: KPMG | I52: 20000 | J52: 5 | K52: 4 | M52: =VLOOKUP(C52,'[1]As per ISO'!$B$7:$EQ$1026,146,0) -> CAT-1 | N52: =VLOOKUP(C52,'[2]As per ISO'!$B$7:$BV$1031,73,0) -> KPMG | O52: shivammishramalad@gmail.com | P52: 9892773410 | S52: Phase-1 | T52: =IF(LEFT(H52,3)="off","OFF",IF(H52="","","ON")) -> ON | W52: =VLOOKUP(C52,#REF!,5,0) -> #REF!
A53: 47 | B53: CS&E | C53: 21-CS&E37-25 | D53: RAJPUT RHEA PRAVINKUMAR NIRMALA | E53: 45539 | F53: Category-2 | G53: PLI | H53: KPMG | I53: 20000 | J53: 5 | M53: =VLOOKUP(C53,'[1]As per ISO'!$B$7:$EQ$1026,146,0) -> CAT-1 | N53: =VLOOKUP(C53,'[2]As per ISO'!$B$7:$BV$1031,73,0) -> KPMG | O53: rheaprajput@gmail.com | P53: 8879765056 | S53: Phase-1 | T53: =IF(LEFT(H53,3)="off","OFF",IF(H53="","","ON")) -> ON | W53: =VLOOKUP(C53,#REF!,5,0) -> #REF!
A54: 48 | B54: CS&E | C54: 21-CS&E41-25 | D54: SHAIKH SHAREZ MERAJUDDIN SHABANA | E54: 45539 | F54: Category-2 | G54: PLI | H54: KPMG | I54: 20000 | J54: 5 | M54: =VLOOKUP(C54,'[1]As per ISO'!$B$7:$EQ$1026,146,0) -> CAT-1 | N54: =VLOOKUP(C54,'[2]As per ISO'!$B$7:$BV$1031,73,0) -> KPMG | O54: sharezshaikhpop@gmail.com | P54: 9768321394 | S54: Phase-1 | T54: =IF(LEFT(H54,3)="off","OFF",IF(H54="","","ON")) -> ON | W54: =VLOOKUP(C54,#REF!,5,0) -> #REF!
A55: 49 | B55: CS&E | C55: 21-CS&E04-25 | D55: BEHERE ANUSHKA MAHESH ASHWINI | E55: 45539 | F55: Category-2 | G55: PLI | H55: KPMG | I55: 20000 | J55: 5 | M55: =VLOOKUP(C55,'[1]As per ISO'!$B$7:$EQ$1026,146,0) -> CAT-1 | N55: =VLOOKUP(C55,'[2]As per ISO'!$B$7:$BV$1031,73,0) -> KPMG | O55: behereanushka@gmail.com | P55: 9289324218 | S55: Phase-1 | T55: =IF(LEFT(H55,3)="off","OFF",IF(H55="","","ON")) -> ON | W55: =VLOOKUP(C55,#REF!,5,0) -> #REF!
A56: 50 | B56: IOT | C56: 21-IoT07-25 | D56: IPAR ISHAANT VISHAL BHAGYASHREE | E56: 45561 | F56: Category-2 | G56: PLI | H56: Hyperverge | I56: 30000 | J56: 6 | K56: 1 | M56: =VLOOKUP(C56,'[1]As per ISO'!$B$7:$EQ$1026,146,0) -> CAT-1 | N56: =VLOOKUP(C56,'[2]As per ISO'!$B$7:$BV$1031,73,0) -> Hyperverge/Accenture | O56: ishaant.ipar@gmail.com | P56: 8976662324 | S56: Phase-1 | T56: =IF(LEFT(H56,3)="off","OFF",IF(H56="","","ON")) -> ON | W56: =VLOOKUP(C56,#REF!,5,0) -> #REF!
A57: 51 | B57: M&ME | C57: 21-M&ME29-25 | D57: NAVRAT ARCHIT SUBHASH SUHASINI | E57: 45560 | F57: Category-2 | G57: PLI | H57: H & K Rolling Mill Engineers Pvt.Ltd. | I57: 25000 | J57: 5 | K57: 2 | M57: =VLOOKUP(C57,'[1]As per ISO'!$B$7:$EQ$1026,146,0) -> CAT-1 | N57: =VLOOKUP(C57,'[2]As per ISO'!$B$7:$BV$1031,73,0) -> H & K Rolling | O57: architnavrat32@gmail.com | P57: 9004489559 | S57: Phase-1 | T57: =IF(LEFT(H57,3)="off","OFF",IF(H57="","","ON")) -> ON | W57: =VLOOKUP(C57,#REF!,5,0) -> #REF!
A58: 52 | B58: M&ME | C58: 22-M&ME66-25 | D58: MODI KUNJ MANAKCHAND JYOTI | E58: 45560 | F58: Category-2 | G58: PLI | H58: H & K Rolling Mill Engineers Pvt.Ltd. | I58: 25000 | J58: 5 | M58: =VLOOKUP(C58,'[1]As per ISO'!$B$7:$EQ$1026,146,0) -> CAT-1 | N58: =VLOOKUP(C58,'[2]As per ISO'!$B$7:$BV$1031,73,0) -> H & K Rolling | O58: kunjmodi2211@gmail.com | P58: 9004038041 | S58: Phase-1 | T58: =IF(LEFT(H58,3)="off","OFF",IF(H58="","","ON")) -> ON | W58: =VLOOKUP(C58,#REF!,5,0) -> #REF!
A59: 53 | B59: AI&ML | C59: 21-AI&ML10-25 | D59: GUPTA KHUSHI RUPESH RUCHIKA | E59: 45561 | F59: Category-2 | G59: PLI | H59: Quantiphi Analytics | I59: 20000 | J59: 5 | K59: 2 | M59: =VLOOKUP(C59,'[1]As per ISO'!$B$7:$EQ$1026,146,0) -> CAT-3 | N59: =VLOOKUP(C59,'[2]As per ISO'!$B$7:$BV$1031,73,0) -> Quintiphi | O59: khushirupesh03@gmail.com | P59: 8369565032 | S59: Phase-1 | T59: =IF(LEFT(H59,3)="off","OFF",IF(H59="","","ON")) -> ON | W59: =VLOOKUP(C59,#REF!,5,0) -> #REF!
A60: 54 | B60: IT-B | C60: 22-ITB65-25 | D60: KHAN SHIFA SIRAJ FARZANA | E60: 45561 | F60: Category-2 | G60: PLI | H60: Quantiphi Analytics | I60: 20000 | J60: 5 | M60: =VLOOKUP(C60,'[1]As per ISO'!$B$7:$EQ$1026,146,0) -> CAT-2 | N60: =VLOOKUP(C60,'[2]As per ISO'!$B$7:$BV$1031,73,0) -> Capgemini/Quintiphi | O60: shifakhan.work@gmail.com | P60: 9987283442 | S60: Phase-1 | T60: =IF(LEFT(H60,3)="off","OFF",IF(H60="","","ON")) -> ON | W60: =VLOOKUP(C60,#REF!,5,0) -> #REF!
A61: 55 | B61: AI&DS | C61: 21-AI&DS01-25 | D61: ALSHI UMED ABHIJIT NEHA | E61: 45540 | F61: Category-3 | G61: Regular | H61: Accenture | J61: 4.5 | K61: 26 | M61: =VLOOKUP(C61,'[1]As per ISO'!$B$7:$EQ$1026,146,0) -> CAT-2 | N61: =VLOOKUP(C61,'[2]As per ISO'!$B$7:$BV$1031,73,0) -> Tata Consultancy Services /Accenture | O61: alshiumed@gmail.com | P61: 8451076163 | S61: Phase-1 | T61: =IF(LEFT(H61,3)="off","OFF",IF(H61="","","ON")) -> ON
A62: 56 | B62: COMP-A | C62: 21-COMPA35-25 | D62: DWIVEDI DURGESH KUMAR ANJANI KUMAR | E62: 45540 | F62: Category-3 | G62: Regular | H62: Accenture | J62: 4.5 | M62: =VLOOKUP(C62,'[1]As per ISO'!$B$7:$EQ$1026,146,0) -> CAT-1 | N62: =VLOOKUP(C62,'[2]As per ISO'!$B$7:$BV$1031,73,0) -> Accenture/Capgemini | O62: durgeshdwivedi81@gmail.com | P62: 8369871679 | S62: Phase-1 | T62: =IF(LEFT(H62,3)="off","OFF",IF(H62="","","ON")) -> ON
A63: 57 | B63: COMP-B | C63: 21-COMPB26-25 | D63: MOURYA SUJITKUMAR RADHESHYAM CHANDRAVATI | E63: 45540 | F63: Category-3 | G63: Regular | H63: Accenture | J63: 4.5 | L63: 1 | M63: =VLOOKUP(C63,'[1]As per ISO'!$B$7:$EQ$1026,146,0) -> CAT-1 | N63: =VLOOKUP(C63,'[2]As per ISO'!$B$7:$BV$1031,73,0) -> FlipKart/Accenture | O63: mouryasujit04@gmail.com | P63: 9920224575 | S63: Phase-1 | T63: =IF(LEFT(H63,3)="off","OFF",IF(H63="","","ON")) -> ON
A64: 58 | B64: COMP-B | C64: 21-COMPB29-25 | D64: NIKHADE KHUSHII JITENDRA POOJA | E64: 45540 | F64: Category-3 | G64: Regular | H64: Accenture | J64: 4.5 | M64: =VLOOKUP(C64,'[1]As per ISO'!$B$7:$EQ$1026,146,0) -> CAT-1 | N64: =VLOOKUP(C64,'[2]As per ISO'!$B$7:$BV$1031,73,0) -> Accenture | O64: nikhadekhushii@gmail.com | P64: 8356011247 | S64: Phase-1 | T64: =IF(LEFT(H64,3)="off","OFF",IF(H64="","","ON")) -> ON
A65: 59 | B65: COMP-B | C65: 21-COMPB42-25 | D65: PAWAR URMIL RATNAKANT SANGEETA | E65: 45540 | F65: Category-3 | G65: Regular | H65: Accenture | J65: 4.5 | M65: =VLOOKUP(C65,'[1]As per ISO'!$B$7:$EQ$1026,146,0) -> CAT-1 | N65: =VLOOKUP(C65,'[2]As per ISO'!$B$7:$BV$1031,73,0) -> Tata Consultancy Services(digital) /Accenture/Capgemini | O65: urmilpawar2003@gmail.com | P65: 9324354862 | S65: Phase-1 | T65: =IF(LEFT(H65,3)="off","OFF",IF(H65="","","ON")) -> ON
A66: 60 | B66: COMP-B | C66: 21-COMPB60-25 | D66: SARGAM SANJAYKUMAR JAGANNATH HEMALATHA | E66: 45540 | F66: Category-3 | G66: Regular | H66: Accenture | J66: 4.5 | M66: =VLOOKUP(C66,'[1]As per ISO'!$B$7:$EQ$1026,146,0) -> CAT-1 | N66: =VLOOKUP(C66,'[2]As per ISO'!$B$7:$BV$1031,73,0) -> Accenture | O66: sargamsanjaykumar@gmail.com | P66: 9370868033 | S66: Phase-1 | T66: =IF(LEFT(H66,3)="off","OFF",IF(H66="","","ON")) -> ON
A67: 61 | B67: COMP-B | C67: 22-COMPB66-25 | D67: PATEL YASHODHAR SANJAY SEEMA | E67: 45540 | F67: Category-3 | G67: Regular | H67: Accenture | J67: 4.5 | M67: =VLOOKUP(C67,'[1]As per ISO'!$B$7:$EQ$1026,146,0) -> CAT-1 | N67: =VLOOKUP(C67,'[2]As per ISO'!$B$7:$BV$1031,73,0) -> Oracle/Accenture | O67: patelyashodhar012@gmail.com | P67: 7499207035 | S67: Phase-1 | T67: =IF(LEFT(H67,3)="off","OFF",IF(H67="","","ON")) -> ON
A68: 62 | B68: COMP-C | C68: 21-COMPC13-25 | D68: SHUKLA DURGESH RAKESH ANITA | E68: 45540 | F68: Category-3 | G68: Regular | H68: Accenture | J68: 4.5 | M68: =VLOOKUP(C68,'[1]As per ISO'!$B$7:$EQ$1026,146,0) -> CAT-1 | N68: =VLOOKUP(C68,'[2]As per ISO'!$B$7:$BV$1031,73,0) -> Accenture | O68: shukladurgesh2510@gmail.com | P68: 9324445078 | S68: Phase-1 | T68: =IF(LEFT(H68,3)="off","OFF",IF(H68="","","ON")) -> ON
A69: 63 | B69: COMP-C | C69: 21-COMPC17-25 | D69: SINGH AMITKUMAR KARUNKUMAR RINKU | E69: 45540 | F69: Category-3 | G69: Regular | H69: Accenture | J69: 4.5 | M69: =VLOOKUP(C69,'[1]As per ISO'!$B$7:$EQ$1026,146,0) -> CAT-1 | N69: =VLOOKUP(C69,'[2]As per ISO'!$B$7:$BV$1031,73,0) -> Accenture | O69: amitkarun4559@gmail.com | P69: 9579396984 | S69: Phase-1 | T69: =IF(LEFT(H69,3)="off","OFF",IF(H69="","","ON")) -> ON
A70: 64 | B70: COMP-C | C70: 21-COMPC31-25 | D70: SUNDRIYAL SARTHAK VIMAL SUNAYANA | E70: 45540 | F70: Category-3 | G70: Regular | H70: Accenture | J70: 4.5 | M70: =VLOOKUP(C70,'[1]As per ISO'!$B$7:$EQ$1026,146,0) -> CAT-1 | N70: =VLOOKUP(C70,'[2]As per ISO'!$B$7:$BV$1031,73,0) -> Accenture | O70: sarthakvsundriyal@gmail.com | P70: 9372959137 | S70: Phase-1 | T70: =IF(LEFT(H70,3)="off","OFF",IF(H70="","","ON")) -> ON
A71: 65 | B71: COMP-C | C71: 21-COMPC38-25 | D71: TRIPATHI SANCHIT RAMANUJ USHA | E71: 45540 | F71: Category-3 | G71: Regular | H71: Accenture | J71: 4.5 | L71: 1 | M71: =VLOOKUP(C71,'[1]As per ISO'!$B$7:$EQ$1026,146,0) -> CAT-1 | N71: =VLOOKUP(C71,'[2]As per ISO'!$B$7:$BV$1031,73,0) -> Oracle/Accenture | O71: sanchittripathi86@gmail.com | P71: 8208751723 | S71: Phase-1 | T71: =IF(LEFT(H71,3)="off","OFF",IF(H71="","","ON")) -> ON
A72: 66 | B72: COMP-C | C72: 21-COMPC43-25 | D72: VAISHYA PRACHI SHIVBABU MAMTA | E72: 45540 | F72: Category-3 | G72: Regular | H72: Accenture | J72: 4.5 | L72: 1 | M72: =VLOOKUP(C72,'[1]As per ISO'!$B$7:$EQ$1026,146,0) -> CAT-1 | N72: =VLOOKUP(C72,'[2]As per ISO'!$B$7:$BV$1031,73,0) -> Oracle/Accenture | O72: vaishyaprachi03@gmail.com | P72: 9307539338 | S72: Phase-1 | T72: =IF(LEFT(H72,3)="off","OFF",IF(H72="","","ON")) -> ON
A73: 67 | B73: COMP-C | C73: 21-COMPC56-25 | D73: YADAV ROHIT VINOD SUNITA | E73: 45540 | F73: Category-3 | G73: Regular | H73: Accenture | J73: 4.5 | L73: 1 | M73: =VLOOKUP(C73,'[1]As per ISO'!$B$7:$EQ$1026,146,0) -> CAT-1 | N73: =VLOOKUP(C73,'[2]As per ISO'!$B$7:$BV$1031,73,0) -> ICICI/Accenture | O73: rohitvyadav2026@gmail.com | P73: 9619602970 | S73: Phase-1 | T73: =IF(LEFT(H73,3)="off","OFF",IF(H73="","","ON")) -> ON
A74: 68 | B74: COMP-C | C74: 21-COMPC58-25 | D74: YADAV SANDEEPKUMAR DALLURAM REKHA | E74: 45540 | F74: Category-3 | G74: Regular | H74: Accenture | J74: 4.5 | L74: 1 | M74: =VLOOKUP(C74,'[1]As per ISO'!$B$7:$EQ$1026,146,0) -> CAT-1 | N74: =VLOOKUP(C74,'[2]As per ISO'!$B$7:$BV$1031,73,0) -> ICICI/Accenture/Capgemini | O74: sandeepdyadav0905@gmail.com | P74: 9321252234 | S74: Phase-1 | T74: =IF(LEFT(H74,3)="off","OFF",IF(H74="","","ON")) -> ON
A75: 69 | B75: CS&E | C75: 21-CS&E25-25 | D75: KHAN MOHD SAAD ZAHID NAJMA | E75: 45540 | F75: Category-3 | G75: Regular | H75: Accenture | J75: 4.5 | M75: =VLOOKUP(C75,'[1]As per ISO'!$B$7:$EQ$1026,146,0) -> CAT-2 | N75: =VLOOKUP(C75,'[2]As per ISO'!$B$7:$BV$1031,73,0) -> Accenture/Capgemini | O75: saad.sk597@gmail.com | P75: 9324085558 | S75: Phase-1 | T75: =IF(LEFT(H75,3)="off","OFF",IF(H75="","","ON")) -> ON
A76: 70 | B76: CS&E | C76: 21-CS&E29-25 | D76: NISHAD RAJ CHANDRASHEKHAR RINKI | E76: 45540 | F76: Category-3 | G76: PLI | H76: Accenture | I76: 7500 | J76: 4.5 | M76: =VLOOKUP(C76,'[1]As per ISO'!$B$7:$EQ$1026,146,0) -> CAT-1 | N76: =VLOOKUP(C76,'[2]As per ISO'!$B$7:$BV$1031,73,0) -> Accenture | O76: rajnishad24082003@gmail.com | P76: 8169144969 | S76: Phase-1 | T76: =IF(LEFT(H76,3)="off","OFF",IF(H76="","","ON")) -> ON | W76: =VLOOKUP(C76,#REF!,5,0) -> #REF!
A77: 71 | B77: CS&E | C77: 21-CS&E58-25 | D77: VERMA REENA RADHEYSHYAM SANGEETA | E77: 45540 | F77: Category-3 | G77: Regular | H77: Accenture | J77: 4.5 | L77: 1 | M77: =VLOOKUP(C77,'[1]As per ISO'!$B$7:$EQ$1026,146,0) -> CAT-1 | N77: =VLOOKUP(C77,'[2]As per ISO'!$B$7:$BV$1031,73,0) -> ICICI/Accenture | O77: vermareena3011@gmail.com | P77: 9004705329 | S77: Phase-1 | T77: =IF(LEFT(H77,3)="off","OFF",IF(H77="","","ON")) -> ON
A78: 72 | B78: CS&E | C78: 22-CS&E64-25 | D78: GUPTA PRANJAL VINOD DEEPSHIKHA | E78: 45540 | F78: Category-3 | G78: Regular | H78: Accenture | J78: 4.5 | L78: 1 | M78: =VLOOKUP(C78,'[1]As per ISO'!$B$7:$EQ$1026,146,0) -> #N/A | N78: =VLOOKUP(C78,'[2]As per ISO'!$B$7:$BV$1031,73,0) -> #N/A | O78: #N/A | P78: #N/A | S78: Phase-1 | T78: =IF(LEFT(H78,3)="off","OFF",IF(H78="","","ON")) -> ON
A79: 73 | B79: E&TC-A | C79: 21-E&TCA14-25 | D79: D K PALAK PARMESHWAR LAXMI | E79: 45540 | F79: Category-3 | G79: Regular | H79: Accenture | J79: 4.5 | M79: =VLOOKUP(C79,'[1]As per ISO'!$B$7:$EQ$1026,146,0) -> CAT-1 | N79: =VLOOKUP(C79,'[2]As per ISO'!$B$7:$BV$1031,73,0) -> Accenture | O79: paladk18@gmail.com | P79: 9324229168 | S79: Phase-1 | T79: =IF(LEFT(H79,3)="off","OFF",IF(H79="","","ON")) -> ON
A80: 74 | B80: E&TC-B | C80: 21-E&TCB29-25 | D80: SINGH SHREYA RADHESHYAM SHWETA | E80: 45540 | F80: Category-3 | G80: Regular | H80: Accenture | J80: 4.5 | M80: =VLOOKUP(C80,'[1]As per ISO'!$B$7:$EQ$1026,146,0) -> CAT-3 | N80: =VLOOKUP(C80,'[2]As per ISO'!$B$7:$BV$1031,73,0) -> Accenture/Capgemini | O80: shreyasingh7004@gmail.com | P80: 9619327332 | S80: Phase-1 | T80: =IF(LEFT(H80,3)="off","OFF",IF(H80="","","ON")) -> ON
A81: 75 | B81: E&TC-B | C81: 21-E&TCB61-25 | D81: YADAV SONAL SAMPAT SUNITA | E81: 45540 | F81: Category-3 | G81: Regular | H81: Accenture | J81: 4.5 | M81: =VLOOKUP(C81,'[1]As per ISO'!$B$7:$EQ$1026,146,0) -> CAT-1 | N81: =VLOOKUP(C81,'[2]As per ISO'!$B$7:$BV$1031,73,0) -> Accenture | O81: ysonal2107@gmail.com | P81: 7506300644 | S81: Phase-1 | T81: =IF(LEFT(H81,3)="off","OFF",IF(H81="","","ON")) -> ON
A82: 76 | B82: IoT | C82: 21-IoT07-25 | D82: IPAR ISHAANT VISHAL BHAGYASHREE | E82: 45540 | F82: Category-3 | G82: Regular | H82: Accenture | J82: 4.5 | L82: 1 | M82: =VLOOKUP(C82,'[1]As per ISO'!$B$7:$EQ$1026,146,0) -> CAT-1 | N82: =VLOOKUP(C82,'[2]As per ISO'!$B$7:$BV$1031,73,0) -> Hyperverge/Accenture | O82: ishaant.ipar@gmail.com | P82: 8976662324 | S82: Phase-1 | T82: =IF(LEFT(H82,3)="off","OFF",IF(H82="","","ON")) -> ON
A83: 77 | B83: IoT | C83: 21-IoT17-25 | D83: BUNDELE SAMARTH DEVISINGH POOJA | E83: 45540 | F83: Category-3 | G83: Regular | H83: Accenture | J83: 4.5 | L83: 1 | M83: =VLOOKUP(C83,'[1]As per ISO'!$B$7:$EQ$1026,146,0) -> CAT-1 | N83: =VLOOKUP(C83,'[2]As per ISO'!$B$7:$BV$1031,73,0) -> Japan Third Party (JTP)/Tata Consultancy Services /Accenture | O83: samarthbundele75@gmail.com | P83: 8976386871 | S83: Phase-1 | T83: =IF(LEFT(H83,3)="off","OFF",IF(H83="","","ON")) -> ON
A84: 78 | B84: IT-B | C84: 21-ITB20-25 | D84: RAO ANUSHKA MURLIDHAR LEENA | E84: 45540 | F84: Category-3 | G84: Regular | H84: Accenture | J84: 4.5 | M84: =VLOOKUP(C84,'[1]As per ISO'!$B$7:$EQ$1026,146,0) -> CAT-1 | N84: =VLOOKUP(C84,'[2]As per ISO'!$B$7:$BV$1031,73,0) -> Accenture | O84: anushkarao03@gmail.com | P84: 9326106848 | S84: Phase-1 | T84: =IF(LEFT(H84,3)="off","OFF",IF(H84="","","ON")) -> ON
A85: 79 | B85: IT-B | C85: 21-ITB24-25 | D85: SAPRE SHREYA SUHAS AARTI | E85: 45540 | F85: Category-3 | G85: Regular | H85: Accenture | J85: 4.5 | L85: 1 | M85: =VLOOKUP(C85,'[1]As per ISO'!$B$7:$EQ$1026,146,0) -> CAT-1 | N85: =VLOOKUP(C85,'[2]As per ISO'!$B$7:$BV$1031,73,0) -> Flipkart/ICICI/Accenture/Capgemini | O85: shreyasapre4@gmail.com | P85: 7710803090 | S85: Phase-1 | T85: =IF(LEFT(H85,3)="off","OFF",IF(H85="","","ON")) -> ON
A86: 80 | B86: IT-B | C86: 21-ITB37-25 | D86: SHUKLA HARSH MANOJ RAGINI | E86: 45540 | F86: Category-3 | G86: PLI | H86: Accenture | I86: 7500 | J86: 4.5 | M86: =VLOOKUP(C86,'[1]As per ISO'!$B$7:$EQ$1026,146,0) -> CAT-1 | N86: =VLOOKUP(C86,'[2]As per ISO'!$B$7:$BV$1031,73,0) -> Accenture | O86: hshukla015@gmail.com | P86: 9594154454 | S86: Phase-1 | T86: =IF(LEFT(H86,3)="off","OFF",IF(H86="","","ON")) -> ON | W86: =VLOOKUP(C86,#REF!,5,0) -> #REF!
A87: 81 | B87: AI&DS | C87: 21-AI&DS43-25 | D87: SINGH AMAN ANISH MANJU | E87: 45544 | F87: Category-2 | G87: PLI | H87: Capgemini | J87: 5.75 | K87: 97 | M87: =VLOOKUP(C87,'[1]As per ISO'!$B$7:$EQ$1026,146,0) -> CAT-1 | N87: =VLOOKUP(C87,'[2]As per ISO'!$B$7:$BV$1031,73,0) -> Capgemini | O87: amanmanju4312@gmail.com | P87: 9082988619 | S87: Phase-1 | T87: =IF(LEFT(H87,3)="off","OFF",IF(H87="","","ON")) -> ON | W87: =VLOOKUP(C87,#REF!,5,0) -> #REF!
A88: 82 | B88: COMP-B | C88: 21-COMPB43-25 | D88: PANKAJ PRABHAT PANKAJ BHARATI | E88: 45544 | F88: Category-2 | G88: PLI | H88: Capgemini | J88: 5.75 | M88: =VLOOKUP(C88,'[1]As per ISO'!$B$7:$EQ$1026,146,0) -> CAT-1 | N88: =VLOOKUP(C88,'[2]As per ISO'!$B$7:$BV$1031,73,0) -> Capgemini | O88: prabhatpankajofficial@gmail.com | P88: 8080370343 | S88: Phase-1 | T88: =IF(LEFT(H88,3)="off","OFF",IF(H88="","","ON")) -> ON | W88: =VLOOKUP(C88,#REF!,5,0) -> #REF!
A89: 83 | B89: COMP-B | C89: 21-COMPB56-25 | D89: RIZVI ZAHID HUSAIN SARKAR HUSAIN TASVEER FATIMA | E89: 45544 | F89: Category-2 | G89: PLI | H89: Capgemini | J89: 5.75 | M89: =VLOOKUP(C89,'[1]As per ISO'!$B$7:$EQ$1026,146,0) -> CAT-1 | N89: =VLOOKUP(C89,'[2]As per ISO'!$B$7:$BV$1031,73,0) -> Capgemini | O89: rizvizahid12@gmail.com | P89: 9167064934 | S89: Phase-1 | T89: =IF(LEFT(H89,3)="off","OFF",IF(H89="","","ON")) -> ON | W89: =VLOOKUP(C89,#REF!,5,0) -> #REF!
A90: 84 | B90: CS&E | C90: 21-CS&E44-25 | D90: SINGH ABHISHEK RAVINDRA RITU | E90: 45544 | F90: Category-2 | G90: PLI | H90: Capgemini | J90: 5.75 | M90: =VLOOKUP(C90,'[1]As per ISO'!$B$7:$EQ$1026,146,0) -> CAT-1 | N90: =VLOOKUP(C90,'[2]As per ISO'!$B$7:$BV$1031,73,0) -> Capgemini | O90: singhabhishek070502@gmail.com | P90: 9967186764 | S90: Phase-1 | T90: =IF(LEFT(H90,3)="off","OFF",IF(H90="","","ON")) -> ON | W90: =VLOOKUP(C90,#REF!,5,0) -> #REF!
A91: 85 | B91: E&CS | C91: 21-E&CS21-25 | D91: KOLLARA PRANAV PRAMOD SINDHU | E91: 45544 | F91: Category-2 | G91: PLI | H91: Capgemini | J91: 5.75 | M91: =VLOOKUP(C91,'[1]As per ISO'!$B$7:$EQ$1026,146,0) -> CAT-1 | N91: =VLOOKUP(C91,'[2]As per ISO'!$B$7:$BV$1031,73,0) -> Capgemini | O91: kollarapranav@gmail.com | P91: 9567149720 | S91: Phase-1 | T91: =IF(LEFT(H91,3)="off","OFF",IF(H91="","","ON")) -> ON | W91: =VLOOKUP(C91,#REF!,5,0) -> #REF!
A92: 86 | B92: E&CS | C92: 21-E&CS38-25 | D92: PATHAK JITESH PRADEEP REKHA | E92: 45544 | F92: Category-2 | G92: PLI | H92: Capgemini | J92: 5.75 | M92: =VLOOKUP(C92,'[1]As per ISO'!$B$7:$EQ$1026,146,0) -> CAT-1 | N92: =VLOOKUP(C92,'[2]As per ISO'!$B$7:$BV$1031,73,0) -> Capgemini | O92: pathak.jitesh@gmail.com | P92: 9867466183 | S92: Phase-1 | T92: =IF(LEFT(H92,3)="off","OFF",IF(H92="","","ON")) -> ON | W92: =VLOOKUP(C92,#REF!,5,0) -> #REF!
A93: 87 | B93: E&CS | C93: 21-E&CS50-25 | D93: SHARMA KSHITIJ SHANTISWAROOP KRUSHNA | E93: 45544 | F93: Category-2 | G93: PLI | H93: Capgemini | J93: 5.75 | M93: =VLOOKUP(C93,'[1]As per ISO'!$B$7:$EQ$1026,146,0) -> CAT-1 | N93: =VLOOKUP(C93,'[2]As per ISO'!$B$7:$BV$1031,73,0) -> Capgemini | O93: kshitijsharma856@gmail.com | P93: 8652187950 | S93: Phase-1 | T93: =IF(LEFT(H93,3)="off","OFF",IF(H93="","","ON")) -> ON | W93: =VLOOKUP(C93,#REF!,5,0) -> #REF!
A94: 88 | B94: E&TC-A | C94: 21-E&TCA49-25 | D94: MAITY SOUBIK BHAKTIPADA SHYAMALI | E94: 45544 | F94: Category-2 | G94: Regular | H94: Capgemini | J94: 5.75 | L94: 1 | M94: =VLOOKUP(C94,'[1]As per ISO'!$B$7:$EQ$1026,146,0) -> CAT-1 | N94: =VLOOKUP(C94,'[2]As per ISO'!$B$7:$BV$1031,73,0) -> Capgemini | O94: soubikmaity@gmail.com | P94: 9082050651 | S94: Phase-1 | T94: =IF(LEFT(H94,3)="off","OFF",IF(H94="","","ON")) -> ON
A95: 89 | B95: E&TC-B | C95: 21-E&TCB40-25 | D95: TIWARI OM SURENDRA REKHA | E95: 45544 | F95: Category-2 | G95: PLI | H95: Capgemini | J95: 5.75 | M95: =VLOOKUP(C95,'[1]As per ISO'!$B$7:$EQ$1026,146,0) -> CAT-1 | N95: =VLOOKUP(C95,'[2]As per ISO'!$B$7:$BV$1031,73,0) -> Capgemini | O95: omtiwari0610@gmail.com | P95: 9819450878 | S95: Phase-1 | T95: =IF(LEFT(H95,3)="off","OFF",IF(H95="","","ON")) -> ON | W95: =VLOOKUP(C95,#REF!,5,0) -> #REF!
A96: 90 | B96: IT-A | C96: 21-ITA26-25 | D96: GAUR ADITYA RAJESHKUMAR GAUR ROSHNI | E96: 45544 | F96: Category-2 | G96: Regular | H96: Capgemini | J96: 5.75 | L96: 1 | M96: =VLOOKUP(C96,'[1]As per ISO'!$B$7:$EQ$1026,146,0) -> CAT-1 | N96: =VLOOKUP(C96,'[2]As per ISO'!$B$7:$BV$1031,73,0) -> Infosy-Specialist Programmer/Capgemini | O96: gauraditya63@gmail.com | P96: 7718043905 | S96: Phase-1 | T96: =IF(LEFT(H96,3)="off","OFF",IF(H96="","","ON")) -> ON
A97: 91 | B97: AI&DS | C97: 21-AI&DS11-25 | D97: GUSAIN NARESH KRIPAL LAXMI | E97: 45544 | F97: Category-3 | G97: PLI | H97: Capgemini | J97: 4.25 | M97: =VLOOKUP(C97,'[1]As per ISO'!$B$7:$EQ$1026,146,0) -> CAT-1 | N97: =VLOOKUP(C97,'[2]As per ISO'!$B$7:$BV$1031,73,0) -> Capgemini | O97: nareshgusain00@gmail.com | P97: 9702503822 | S97: Phase-1 | T97: =IF(LEFT(H97,3)="off","OFF",IF(H97="","","ON")) -> ON | W97: =VLOOKUP(C97,#REF!,5,0) -> #REF!
A98: 92 | B98: AI&DS | C98: 21-AI&DS20-25 | D98: MAURYA ANKIT SANDEEP MANJU | E98: 45544 | F98: Category-3 | G98: PLI | H98: Capgemini | J98: 4.25 | M98: =VLOOKUP(C98,'[1]As per ISO'!$B$7:$EQ$1026,146,0) -> CAT-2 | N98: =VLOOKUP(C98,'[2]As per ISO'!$B$7:$BV$1031,73,0) -> Capgemini | O98: ankit141003@gmail.com | P98: 7977347582 | S98: Phase-1 | T98: =IF(LEFT(H98,3)="off","OFF",IF(H98="","","ON")) -> ON | W98: =VLOOKUP(C98,#REF!,5,0) -> #REF!
A99: 93 | B99: AI&DS | C99: 21-AI&DS23-25 | D99: MISHRA RABINDRA NEHRU MANORAMA | E99: 45544 | F99: Category-3 | G99: Offer Rejected | H99: Capgemini | J99: 4.25 | M99: =VLOOKUP(C99,'[1]As per ISO'!$B$7:$EQ$1026,146,0) -> CAT-1 | N99: =VLOOKUP(C99,'[2]As per ISO'!$B$7:$BV$1031,73,0) -> Tata Consultancy Services /Capgemini | O99: sambhu311275@gmail.com | P99: 9967911636 | S99: Phase-1 | T99: =IF(LEFT(H99,3)="off","OFF",IF(H99="","","ON")) -> ON
A100: 94 | B100: AI&DS | C100: 21-AI&DS50-25 | D100: SYED SHARUKHALI FAROOKALI NAZIYABEGUM | E100: 45544 | F100: Category-3 | G100: Regular | H100: Capgemini | J100: 4.25 | L100: 1 | M100: =VLOOKUP(C100,'[1]As per ISO'!$B$7:$EQ$1026,146,0) -> CAT-1 | N100: =VLOOKUP(C100,'[2]As per ISO'!$B$7:$BV$1031,73,0) -> ICICI/Capgemini | O100: shahsai11111@gmail.com | P100: 9892363057 | S100: Phase-1 | T100: =IF(LEFT(H100,3)="off","OFF",IF(H100="","","ON")) -> ON
A101: 95 | B101: AI&DS | C101: 22-AI&DS69-25 | D101: VISWAKARMA SUJAL TARUN BEENA | E101: 45544 | F101: Category-3 | G101: PLI | H101: Capgemini | J101: 4.25 | M101: =VLOOKUP(C101,'[1]As per ISO'!$B$7:$EQ$1026,146,0) -> CAT-1 | N101: =VLOOKUP(C101,'[2]As per ISO'!$B$7:$BV$1031,73,0) -> Capgemini | O101: sujalvish908@gmail.com | P101: 9004180323 | S101: Phase-1 | T101: =IF(LEFT(H101,3)="off","OFF",IF(H101="","","ON")) -> ON | W101: =VLOOKUP(C101,#REF!,5,0) -> #REF!
...

Sheet Normal Average
B3: AI&DS | C3: AI&ML | D3: IOT | E3: COMP | F3: CS&E | G3: E&CS | H3: E&TC | I3: IT | J3: MECH | K3: MME | L3: CIVIL | M3: Total
B4: 9 | C4: 9.5 | D4: 40 | E4: 20 | F4: 12 | G4: 7 | H4: 10 | I4: 19.5 | J4: 5.6 | K4: 6.5 | L4: 5 | M4: 40
B5: 8.29 | C5: 9.34 | D5: 20 | E5: 19.5 | F5: 11.29 | G5: 6.5 | H5: 8.65 | I5: 10.7 | J5: 5 | K5: 6.5 | L5: 4 | M5: 20
B6: 7.75 | C6: 7.75 | D6: 6 | E6: 12 | F6: 10.7 | G6: 6 | H6: 8.5 | I6: 9.5 | J6: 4.25 | K6: 5.6 | L6: 3.75 | M6: 19.5
B7: 7 | C7: 7 | D7: 4.8 | E7: 10.7 | F7: 9.34 | G7: 5.75 | H7: 8.29 | I7: 9.34 | J7: 4.2 | K7: 5.5 | L7: 3.6 | M7: 12
B8: 6 | C8: 6 | D8: 4.5 | E8: 9.5 | F8: 8.29 | G8: 5.2 | H8: 7.5 | I8: 9 | J8: 4 | K8: 5 | L8: 3.5 | M8: 11.29
B9: 5.75 | C9: 5 | D9: 4.32 | E9: 9.34 | F9: 8 | G9: 5 | H9: 6 | I9: 8.29 | J9: 3.75 | K9: 5 | M9: 10.7
B10: 5 | C10: 5 | D10: 4.25 | E10: 9 | F10: 7.75 | G10: 4.25 | H10: 5.75 | I10: 8 | J10: 3.7 | K10: 4.8 | M10: 10
B11: 4.5 | C11: 4.5 | D11: 4 | E11: 8.5 | F11: 7.08 | G11: 4.2 | H11: 5.25 | I11: 7.05 | J11: 3.6 | K11: 4.5 | M11: 9.5
B12: 4.25 | C12: 4.25 | D12: 3.6 | E12: 8.29 | F12: 6.5 | G12: 4 | H12: 5 | I12: 7 | J12: 3.5 | K12: 4.2 | M12: 9.34
B13: 4.23 | C13: 4.2 | D13: 3.5 | E13: 8 | F13: 6 | G13: 3.6 | H13: 4.9 | I13: 6.5 | K13: 4 | M13: 9
B14: 4.2 | C14: 4 | D14: 3.5 | E14: 7.75 | F14: 5.75 | G14: 3.5 | H14: 4.5 | I14: 6.23 | K14: 3.8 | M14: 8.65
B15: 4 | C15: 4 | E15: 7.5 | F15: 5.5 | H15: 4.25 | I15: 6 | K15: 3.68 | M15: 8.5
B16: 3.6 | C16: 3.6 | E16: 7.35 | F16: 5 | H16: 4 | I16: 5.75 | K16: 3.6 | M16: 8.29
B17: 3.5 | C17: 3.5 | E17: 7 | F17: 5 | H17: 3.6 | I17: 5.5 | K17: 3.6 | M17: 8
E18: 6.5 | F18: 4.8 | H18: 3.5 | I18: 5 | K18: 3.6 | M18: 7.75
E19: 6.23 | F19: 4.5 | I19: 4.8 | K19: 3.5 | M19: 7.5
E20: 6.13 | F20: 4.5 | I20: 4.5 | K20: 3.5 | M20: 7.35
E21: 6 | F21: 4.25 | I21: 4.25 | M21: 7.08
E22: 5.75 | F22: 4 | I22: 4.2 | M22: 7.05
E23: 5.5 | F23: 3.6 | I23: 4 | M23: 7
E24: 5.2 | F24: 3.5 | I24: 3.6 | M24: 6.5
E25: 5 | F25: 3.5 | I25: 3.5 | M25: 6.23
E26: 4.8 | M26: 6.13
E27: 4.55 | M27: 6
E28: 4.5 | M28: 5.75
E29: 4.5 | M29: 5.6
E30: 4.45 | M30: 5.5
E31: 4.25 | M31: 5.25
E32: 4 | M32: 5.2
E33: 4 | M33: 5
E34: 3.6 | M34: 4.9
E35: 3.5 | M35: 4.8
M36: 4.55
M37: 4.5
M38: 4.45
M39: 4.32
M40: 4.25
M41: 4.23
M42: 4.2
M43: 4
M44: 3.8
M45: 3.75
M46: 3.7
M47: 3.68
... M49: 3.5
B89: AI&DS | C89: AI&ML | D89: IOT | E89: COMP | F89: CS&E | G89: E&CS | H89: E&TC | I89: IT | J89: MECH | K89: MME | L89: CIVIL | M89: Total
A90: Max | B90: =MAX(B4:B87) -> 9 | C90: =MAX(C4:C87) -> 9.5 | D90: =MAX(D4:D87) -> 40 | E90: =MAX(E4:E87) -> 20 | F90: =MAX(F4:F87) -> 12 | G90: =MAX(G4:G87) -> 7 | H90: =MAX(H4:H87) -> 10 | I90: =MAX(I4:I87) -> 19.5 | ... M90: =MAX(M4:M87) -> 40
A91: Min | B91: =MIN(B4:B87) -> 3.5 | C91: =MIN(C4:C87) -> 3.5 | D91: =MIN(D4:D87) -> 3.5 | E91: =MIN(E4:E87) -> 3.5 | F91: =MIN(F4:F87) -> 3.5 | G91: =MIN(G4:G87) -> 3.5 | H91: =MIN(H4:H87) -> 3.5 | I91: =MIN(I4:I87) -> 3.5 | ... M91: =MIN(M4:M87) -> 3.5
A92: Average | B92: =AVERAGE(B4:B86) -> 5.505 | C92: =AVERAGE(C4:C86) -> 5.5457143 | D92: =AVERAGE(D4:D86) -> 8.9518182 | E92: =AVERAGE(E4:E86) -> 7.2778125 | F92: =AVERAGE(F4:F86) -> 6.4022727 | G92: =AVERAGE(G4:G86) -> 5 | H92: =AVERAGE(H4:H86) -> 5.9793333 | I92: =AVERAGE(I4:I86) -> 6.9186364 | ... M92: =AVERAGE(M4:M86) -> 7.6497826
A93: Media | B93: =MEDIAN(B4:B87) -> 4.75 | C93: =MEDIAN(C4:C87) -> 4.75 | D93: =MEDIAN(D4:D87) -> 4.32 | E93: =MEDIAN(E4:E87) -> 6.18 | F93: =MEDIAN(F4:F87) -> 5.625 | G93: =MEDIAN(G4:G87) -> 5 | H93: =MEDIAN(H4:H87) -> 5.25 | I93: =MEDIAN(I4:I87) -> 6.115 | ... M93: =MEDIAN(M4:M87) -> 6.065
A94: Mode | B94: =All!B1357 -> 3.6 | C94: =All!C1357 -> 3.5 | D94: =All!D1357 -> 3.6 | E94: =All!E1357 -> 4.25 | F94: =All!F1357 -> 3.6 | G94: =All!G1357 -> 3.5 | H94: =All!H1357 -> 3.5 | I94: =All!I1357 -> 4.25 | ... L94: =All!L1357 -> 3.5 | M94: =All!N1357 -> 3.5

Sheet Sheet1
D1: 40
D2: 20
D3: 19.5
D4: 12
D5: 11.29
D6: 10.7
D7: 10
D8: 9.5
D9: 9.34
D10: 9
D11: 8.65
D12: 8.5
... D51: 1.2

Sheet new (2)
A1: TCET
A2: Students Placement Register of 2021 Batch
A3: TCET/REG/IP-06/02
F4: 44210
A5: SR. NO. | B5: DATE OF VISIT | C5: NAME OF THE COMPANY | D5: NUMBER OF Offer's | E5: No. OF STUDENTS PLACED | F5: NAME OF THE STUDENTS PLACED | G5: Salary offered ( INR-LPA.) | H5: BRANCH | I5: UID
A6: 1 | B6: 44073 | C6: Capgemini | D6: 69 | E6: 1 | F6: AGARWAL AYUSH ASHOK RANJANA (Already placed in Oracle) | G6: 3.8 | H6: COMP-A | I6: 17-COMPA03-21
C7: Capgemini | E7: 2 | F7: AGRAWAL LOKESH VINODKUMAR ARCHANA | G7: 3.8 | H7: COMP-A | I7: 17-COMPA05-21
C8: Capgemini | E8: 3 | F8: CHAUDHARI PUSHPAK NANDKISHOR YOGITA | G8: 3.8 | H8: COMP-A | I8: 17-COMPA16-21
C9: Capgemini | E9: 4 | F9: DAHIMA PAARTH VIJAYKMUAR SINGH | G9: 3.8 | H9: COMP-A | I9: 17-COMPA20-21
C10: Capgemini | E10: 5 | F10: DEODHAR MITESH MEGHSHYAM MINAL | G10: 3.8 | H10: COMP-A | I10: 17-COMPA22-21
C11: Capgemini | E11: 6 | F11: GAUR GUNJAN SHIVBHAGWAN CHANDRKALA | G11: 3.8 | H11: COMP-A | I11: 17-COMPA30-21
C12: Capgemini | E12: 7 | F12: GUNDECHA BHAVIN SHANTILAL SHARMILA | G12: 3.8 | H12: COMP-A | I12: 17-COMPA35-21
C13: Capgemini | E13: 8 | F13: INANI JEET KUNTIPRAKASH MANJU (Already placed in Oracle) | G13: 3.8 | H13: COMP-A | I13: 17-COMPA39-21
C14: Capgemini | E14: 9 | F14: JAIN ADITYA VINAYKUMAR KALPANA | G14: 3.8 | H14: COMP-A | I14: 17-COMPA40-21
C15: Capgemini | E15: 10 | F15: KABRA VANSHIKA SATISH SARITA | G15: 3.8 | H15: COMP-A | I15: 17-COMPA47-21
C16: Capgemini | E16: 11 | F16: KHACHANE SHREYAS VIDYASHARAN KHACHANE KUMUDINI KHACHANE | G16: 3.8 | H16: COMP-A | I16: 17-COMPA51-21
C17: Capgemini | E17: 12 | F17: MISHRA SACHIN RAVINDRAKUMAR PREMLATA | G17: 3.8 | H17: COMP-A | I17: 17-COMPA63-21
C18: Capgemini | E18: 13 | F18: NAG ADITYA DINESH BINDU | G18: 3.8 | H18: COMP-B | I18: 17-COMPB06-21 | M18: =127-15 -> 112
C19: Capgemini | E19: 14 | F19: PANDEY ANSHIKA KRISHNADEV SUBHAVATI (Already placed in Infosys) | G19: 3.8 | H19: COMP-B | I19: 17-COMPB10-21
C20: Capgemini | E20: 15 | F20: PAWAR SASHANK SUBHASH CHANCHAL (Already placed in Infosys) | G20: 3.8 | H20: COMP-B | I20: 17-COMPB19-21
C21: Capgemini | E21: 16 | F21: SHAH AESHA SANDEEP BEENA | G21: 3.8 | H21: COMP-B | I21: 17-COMPB27-21
C22: Capgemini | E22: 17 | F22: SHAH DHRUVAL MANOJ URJITA | G22: 3.8 | H22: COMP-B | I22: 17-COMPB28-21
C23: Capgemini | E23: 18 | F23: SHARMA PRITHVI GHANSHYAM RANJEETA | G23: 3.8 | H23: COMP-B | I23: 17-COMPB31-21
C24: Capgemini | E24: 19 | F24: SINGH SAKSHI MUNNA SADHANA | G24: 3.8 | H24: COMP-B | I24: 17-COMPB44-21
C25: Capgemini | E25: 20 | F25: SINGH SRISHTI JITENDRA POONAM | G25: 3.8 | H25: COMP-B | I25: 17-COMPB46-21
C26: Capgemini | E26: 21 | F26: SINGH VAIBHAV RAMSURATPRASAD LALPARI | G26: 3.8 | H26: COMP-B | I26: 17-COMPB48-21
C27: Capgemini | E27: 22 | F27: SINGHVI RITAM AMRUT BHARTI | G27: 3.8 | H27: COMP-B | I27: 17-COMPB51-21
C28: Capgemini | E28: 23 | F28: UPADHYAY PRASHANT JOGENDRA SONI (Already placed in Infosys) | G28: 3.8 | H28: COMP-B | I28: 17-COMPB57-21
C29: Capgemini | E29: 24 | F29: YADAV ABHISHEK RAMESH CHINTA | G29: 3.8 | H29: COMP-B | I29: 17-COMPB60-21
C30: Capgemini | E30: 25 | F30: BHOGATE RUCHI BHALCHANDRA SHILPA | G30: 3.8 | H30: ELEX | I30: 17-ETRX04-21
... C59: Capgemini | E59: 54 | F59: PRADHAN TANVI SACHIN VAISHALI | G59: 3.8 | H59: IT-B | I59: 17-ITB17-21
C60: Capgemini | E60: 55 | F60: RANAWAT PARTH DINESH NEELAM ( Alredy plcaed in L&T Infotech) | G60: 3.8 | H60: IT-B | I60: #N/A
C61: Capgemini | E61: 56 | F61: SHAH DHAIRYA CHETAN JIGNA (Already placed in Oracle) | G61: 3.8 | H61: IT-B | I61: #N/A
C62: Capgemini | E62: 57 | F62: SHAH MILONI KIRIT VAISHALI | G62: 3.8 | H62: IT-B | I62: 17-ITB28-21
C63: Capgemini | E63: 58 | F63: SINGH ANUSHKA UMASHANKAR BHAGYALAXMI | G63: 3.8 | H63: IT-B | I63: 17-ITB36-21
C64: Capgemini* | E64: 59 | F64: SINGH NIKHIL SACHIDANAND MAMTA | G64: 6.8 | H64: IT-B | I64: 17-ITB38-21
C65: Capgemini | E65: 60 | F65: SINGH RITESH AMRESH MADHURI | G65: 3.8 | H65: IT-B | I65: 17-ITB39-21
C66: Capgemini | E66: 61 | F66: SOLANKI SWATI MAHENDRASINGH RAGINI ( Alredy plcaed in Infosys) | G66: 3.8 | H66: IT-B | I66: #N/A
C67: Capgemini* | E67: 62 | F67: THANKI RIDDHI ANIL NEELAM (Already placed in Oracle) | G67: 6.8 | H67: IT-B | I67: 17-ITB45-21
C68: Capgemini | E68: 63 | F68: UPADHYAY PRAKASH SANTOSH URMILA ( Alredy plcaed in Accenture) | G68: 3.8 | H68: IT-B | I68: #N/A
C69: Capgemini | E69: 64 | F69: VAISHNAV JIGAR SOHANDAS DAMYANTI (Already placed in Oracle) | G69: 3.8 | H69: IT-B | I69: #N/A
C70: Capgemini | E70: 65 | F70: VARMA ABHIJEET MANOJ ARCHANA | G70: 3.8 | H70: IT-B | I70: 17-ITB53-21
C71: Capgemini | E71: 66 | F71: VISHWAKARMA KRISHNA KUMAR DURGA PRASAD MANJU | G71: 3.8 | H71: IT-B | I71: 17-ITB54-21
C72: Capgemini | E72: 67 | F72: BHATT YASH SANTOSH JIGNA | G72: 3.8 | H72: IT-B | I72: 18-ITB69-21
C73: Capgemini | E73: 68 | F73: PHALKE TANMAY GOVINDA ANJALI | G73: 3.8 | H73: IT-B | I73: 18-ITB73-21
C74: Capgemini | E74: 69 | F74: MORE AKSHAYA SHARAD KSHITIJA | G74: 3.8 | H74: IT-B | I74: 18-ITB75-21
A75: 2 | B75: 44078 | C75: Oracle Financial Services Software Ltd. | D75: 18 | E75: 70 | F75: AARYA HARI GOPALAN SMITA | G75: 6.4 | H75: COMP-A | I75: 17-COMPA01-21
C76: Oracle Financial Services Software Ltd. | E76: 71 | F76: AGARWAL AYUSH ASHOK RANJANA (Already placed in Capgemini) | G76: 6.4 | H76: COMP-A | I76: 17-COMPA03-21
C77: Oracle Financial Services Software Ltd. | E77: 72 | F77: AGRAWAL DHRUV SANJEEV GAURA | G77: 6.4 | H77: COMP-A | I77: 17-COMPA04-21
C78: Oracle Financial Services Software Ltd. | E78: 73 | F78: DARAK HITESH RAMESH SHARDA | G78: 6.4 | H78: COMP-A | I78: 17-COMPA21-21
C79: Oracle Financial Services Software Ltd. | E79: 74 | F79: INANI JEET KUNTIPRAKASH MANJU | G79: 6.4 | H79: COMP-A | I79: 17-COMPA39-21
C80: Oracle Financial Services Software Ltd. | E80: 75 | F80: PANDEY AVINASH SURYANARAYAN VIJAYALAXMI | G80: 6.4 | H80: COMP-B | I80: 17-COMPB11-21
C81: Oracle Financial Services Software Ltd. | E81: 76 | F81: PATEL VIJ SANJAY SANGITA | G81: 6.4 | H81: COMP-B | I81: 17-COMPB17-21
C82: Oracle Financial Services Software Ltd. | E82: 77 | F82: SINGH ASHIM KISHUN SHYAMA | G82: 6.4 | H82: COMP-B | I82: 17-COMPB38-21
C83: Oracle Financial Services Software Ltd. | E83: 78 | F83: TRIPATHI SHIVAM RAJESH SHASHIKALA | G83: 6.4 | H83: COMP-B | I83: 17-COMPB56-21
C84: Oracle Financial Services Software Ltd. | E84: 79 | F84: RANE PRASAD LAWOO LATA | G84: 6.4 | H84: COMP-B | I84: 17-COMPB74-21
C85: Oracle Financial Services Software Ltd. | E85: 80 | F85: JUNEJA ASMIT KUNWAR SHRUTI | G85: 6.4 | H85: IT-A | I85: 17-ITA39-21
C86: Oracle Financial Services Software Ltd. | E86: 81 | F86: KEWAT ROSHAN CHEDILAL SATNADEVI | G86: 6.4 | H86: IT-A | I86: 17-ITA41-21
C87: Oracle Financial Services Software Ltd. | E87: 82 | F87: AGARWAL KHEMCHAND NAMCHAND JYOTSNA | G87: 6.4 | H87: IT-A | I87: 18-ITA74-21
... C92: Oracle Financial Services Software Ltd. | E92: 87 | F92: MISTRY YASH BHAVIN MONISHA ( Alredy plcaed in Infosys) | G92: 6.4 | H92: MECH-A | I92: 17-MECHA52-21
A93: 3 | B93: 44084 | C93: DXC Technology | D93: 11 | E93: 88 | F93: SINGH VIBHA VIJAYPRATAP SAVITA | G93: 3.6 | H93: COMP-A | I93: 18-COMPA76-21
C94: DXC Technology | E94: 89 | F94: SINGH ASMITA AJAY BINDU | G94: 3.6 | H94: COMP-B | I94: 17-COMPB39-21
C95: DXC Technology | E95: 90 | F95: PARULEKAR AKSHATA ARUN ARCHANA | G95: 3.6 | H95: ELEX | I95: 17-ETRX31-21
C96: DXC Technology | E96: 91 | F96: SHETTY AKHILA GOPALKRISHNA ANUSUYA | G96: 3.6 | H96: ELEX | I96: 17-ELEX42-21
C97: DXC Technology | E97: 92 | F97: PEDNEKAR SAKSHI RAJENDRA RASHMI | G97: 3.6 | H97: E&TC-A | I97: 18-E&TCA70-21
C98: DXC Technology | E98: 93 | F98: LATIF SHUMAQ SHAKIR ZAHIDA | G98: 3.6 | H98: E&TC-A | I98: 18-E&TCA72-21
C99: DXC Technology | E99: 94 | F99: SHRIVASTAVA PRATIKSHA SANTOSH RATANA ( Alredy plcaed in Infosys) | G99: 3.6 | H99: E&TC-B | I99: #N/A
C100: DXC Technology | E100: 95 | F100: SINGH MANSI RAMESHCHAND SARITA | G100: 3.6 | H100: E&TC-B | I100: 17-E&TCB34-21
C101: DXC Technology | E101: 96 | F101: SINGH SONAL ALOK BINU | G101: 3.6 | H101: E&TC-B | I101: 17-E&TCB43-21
C102: DXC Technology | E102: 97 | F102: BAJPAI RUPALI RAJESH CHETNA | G102: 3.6 | H102: IT-A | I102: 17-ITA03-21
C103: DXC Technology | E103: 98 | F103: SINGH AARUSHI UMASHANKAR BHAGYALAXMI | G103: 3.6 | H103: IT-B | I103: 17-ITB32-21
A104: 4 | B104: 44090 | C104: Accenture | D104: 71 | E104: 99 | F104: DUBEY SWATI KAMLESHCHANDRA VIMLA | G104: 4.5 | H104: COMP-A | I104: 17-COMPA27-21
C105: Accenture | E105: 100 | F105: GAUR GUNJAN SHIVBHAGWAN CHANDRKALA ( Alredy plcaed in Capgemini) | G105: 4.5 | H105: COMP-A | I105: #N/A
C106: Accenture | E106: 101 | F106: GUNDECHA BHAVIN SHANTILAL SHARMILA ( Alredy plcaed in Capgemini) | G106: 4.5 | H106: COMP-A | I106: #N/A
C107: Accenture | E107: 102 | F107: GUPTA ROHITRAJ BASANT KUMAR ARCHANA | G107: 4.5 | H107: COMP-A | I107: 17-COMPA37-21
C108: Accenture | E108: 103 | F108: GUPTA SURAJ DINESH MANJU ( Alredy plcaed in Infosys) | G108: 4.5 | H108: COMP-A | I108: #N/A
C109: Accenture | E109: 104 | F109: DOSANI VIRAG NIMESHKUMAR PRITIBEN | G109: 4.5 | H109: COMP-A | I109: 18-COMPA77-21
C110: Accenture | E110: 105 | F110: PAL SAURABH ASHOK KUMAR REKHA ( Alredy plcaed in Infosys) | G110: 4.5 | H110: COMP-B | I110: #N/A
C111: Accenture | E111: 106 | F111: PANDEY ANSHIKA KRISHNADEV SUBHAVATI ( Alredy plcaed in L & T Infotech) | G111: 4.5 | H111: COMP-B | I111: #N/A
C112: Accenture | E112: 107 | F112: RAMANI HARSH VINUBHAI BHAVNA | G112: 4.5 | H112: COMP-B | I112: 17-COMPB24-21
C113: Accenture | E113: 108 | F113: SHARMA SHIVAM PRADEEP ARCHANA | G113: 4.5 | H113: COMP-B | I113: 17-COMPB32-21
C114: Accenture | E114: 109 | F114: SINGH ASMITA AJAY BINDU ( Alredy plcaed in DXC Technology) | G114: 4.5 | H114: COMP-B | I114: #N/A
C115: Accenture | E115: 110 | F115: SINGH SAKSHI MUNNA SADHANA ( Alredy plcaed in Capgemini) | G115: 4.5 | H115: COMP-B | I115: #N/A
C116: Accenture | E116: 111 | F116: SINGH SRISHTI JITENDRA POONAM ( Alredy plcaed in Capgemini) | G116: 4.5 | H116: COMP-B | I116: #N/A
C117: Accenture | E117: 112 | F117: SINGH VISHAL PRITAM USHA | G117: 4.5 | H117: COMP-B | I117: 17-COMPB50-21
C118: Accenture | E118: 113 | F118: VAIBHAVI SURESH REVATI ( Alredy plcaed in L & T Infotech) | G118: 4.5 | H118: COMP-B | I118: #N/A
C119: Accenture | E119: 114 | F119: JAIN YASH MANISH REKHA | G119: 4.5 | H119: COMP-B | I119: 17-COMPB75-21
C120: Accenture | E120: 115 | F120: YADAV AJIT RAMKISUN BINDWADEVI | G120: 4.5 | H120: COMP-B | I120: 17-COMPB77-21
C121: Accenture | E121: 116 | F121: CHOUDHARY SHUBHAM SNEHAL DEEPA ( Alredy plcaed in Capgemini) | G121: 4.5 | H121: E&TC-A | I121: #N/A
C122: Accenture | E122: 117 | F122: GHOSH PRITI PRADEEP APARNA | G122: 4.5 | H122: E&TC-A | I122: 17-E&TCA20-21
C123: Accenture | E123: 118 | F123: NIRMAL ABHISHEK RAMKISHOR SARITA | G123: 4.5 | H123: E&TC-A | I123: 17-E&TCA62-21
C124: Accenture | E124: 119 | F124: BHAGAT ANAND BRISHBHAN INDUDEVI | G124: 4.5 | H124: E&TC-A | I124: 18-E&TCA69-21
C125: Accenture | E125: 120 | F125: PEDNEKAR SAKSHI RAJENDRA RASHMI ( Alredy plcaed in DXC Tecnology) | G125: 4.5 | H125: E&TC-A | I125: #N/A
C126: Accenture | E126: 121 | F126: PANDEY SAGAR ANIL SUSHMA | G126: 4.5 | H126: E&TC-B | I126: 17-E&TCB04-21
C127: Accenture | E127: 122 | F127: PRAJAPATI YOGITA BHAJANRAM URMILA ( Alredy plcaed in Capgemini) | G127: 4.5 | H127: E&TC-B | I127: #N/A
C128: Accenture | E128: 123 | F128: SHRIVASTAVA PRATIKSHA SANTOSH RATANA ( Alredy plcaed in DXC Technology) | G128: 4.5 | H128: E&TC-B | I128: #N/A
C129: Accenture | E129: 124 | F129: SRIVASTAVA SHIVANI SANJEEV RAKA ( Alredy plcaed in Capgemini) | G129: 4.5 | H129: E&TC-B | I129: #N/A
C130: Accenture | E130: 125 | F130: SINGH MANSI RAMESHCHAND SARITA ( Alredy plcaed in DXC Technology) | G130: 4.5 | H130: E&TC-B | I130: #N/A
C131: Accenture | E131: 126 | F131: SINGH RANA SHIVAMEV DINESH ARCHANA | G131: 4.5 | H131: E&TC-B | I131: 17-E&TCB38-21
C132: Accenture | E132: 127 | F132: SINGH SONAL ALOK BINU ( Alredy plcaed in DXC Technology) | G132: 4.5 | H132: E&TC-B | I132: #N/A
...
